date,Temperature (F)
2016-01-01,54.30200000000008
2016-01-02,58.02800000000006
2016-01-03,56.60600000000003
2016-01-04,57.2
2016-01-05,53.65400000000005
2016-01-06,51.188000000000045
2016-01-07,50.59400000000008
2016-01-08,54.733999999999995
2016-01-09,53.20400000000005
2016-01-10,57.02000000000007
2016-01-11,59.03600000000007
2016-01-12,62.33000000000004
2016-01-13,59.16200000000006
2016-01-14,57.542
2016-01-15,56.39000000000002
2016-01-16,60.78200000000002
2016-01-17,62.94199999999999
2016-01-18,59.522000000000034
2016-01-19,59.55800000000001
2016-01-20,62.72600000000009
2016-01-21,66.39800000000002
2016-01-22,63.06800000000008
2016-01-23,56.58800000000005
2016-01-24,58.49600000000005
2016-01-25,62.47400000000002
2016-01-26,63.59000000000002
2016-01-27,63.35600000000003
2016-01-28,66.11000000000008
2016-01-29,66.68600000000006
2016-01-30,60.96200000000006
2016-01-31,54.64400000000008
2016-02-01,51.044000000000075
2016-02-02,53.366000000000014
2016-02-03,56.641999999999996
2016-02-04,60.49400000000007
2016-02-05,64.83200000000002
2016-02-06,67.37000000000006
2016-02-07,71.834
2016-02-08,74.4260000000001
2016-02-09,76.71200000000006
2016-02-10,75.02000000000007
2016-02-11,75.34400000000008
2016-02-12,73.22000000000006
2016-02-13,72.82400000000001
2016-02-14,75.36200000000005
2016-02-15,77.342
2016-02-16,78.566
2016-02-17,71.52800000000008
2016-02-18,60.87200000000004
2016-02-19,62.042
2016-02-20,66.14600000000004
2016-02-21,68.84600000000006
2016-02-22,71.69000000000003
2016-02-23,71.02400000000002
2016-02-24,72.51800000000009
2016-02-25,74.62400000000002
2016-02-26,72.77000000000007
2016-02-27,71.47400000000002
2016-02-28,71.45600000000003
2016-03-01,74.174
2016-03-02,72.05000000000001
2016-03-03,69.22400000000002
2016-03-04,69.13399999999999
2016-03-05,64.09400000000008
2016-03-06,61.08800000000005
2016-03-07,56.80400000000006
2016-03-08,61.97000000000006
2016-03-09,68.64800000000002
2016-03-10,72.21200000000006
2016-03-11,65.91200000000006
2016-03-12,59.37800000000007
2016-03-13,59.59400000000008
2016-03-14,63.860000000000085
2016-03-15,70.12400000000002
2016-03-16,75.14600000000004
2016-03-17,75.11000000000008
2016-03-18,71.79800000000003
2016-03-19,70.32200000000003
2016-03-20,70.358
2016-03-21,65.35400000000006
2016-03-22,62.096000000000046
2016-03-23,68.61200000000005
2016-03-24,72.32000000000006
2016-03-25,71.97800000000007
2016-03-26,72.95
2016-03-27,69.15200000000007
2016-03-28,63.860000000000085
2016-03-29,59.774000000000015
2016-03-30,61.934
2016-03-31,67.80200000000008
2016-04-01,70.7
2016-04-02,74.03000000000004
2016-04-03,73.292
2016-04-04,74.49800000000002
2016-04-05,80.18600000000006
2016-04-06,82.76000000000008
2016-04-07,76.76600000000002
2016-04-08,64.02200000000005
2016-04-09,61.95200000000008
2016-04-10,63.806000000000026
2016-04-11,66.39800000000002
2016-04-12,68.16200000000006
2016-04-13,68.32400000000001
2016-04-14,66.90200000000007
2016-04-15,70.10600000000002
2016-04-16,76.4600000000001
2016-04-17,81.10400000000006
2016-04-18,82.34600000000006
2016-04-19,81.57200000000003
2016-04-20,78.29600000000005
2016-04-21,74.82200000000003
2016-04-22,70.53800000000004
2016-04-23,70.66400000000004
2016-04-24,68.19800000000004
2016-04-25,63.53600000000007
2016-04-26,67.38800000000005
2016-04-27,65.39000000000001
2016-04-28,67.92800000000007
2016-04-29,68.73800000000006
2016-04-30,70.46600000000001
2016-05-01,75.2
2016-05-02,76.60400000000006
2016-05-03,76.76600000000002
2016-05-04,72.51800000000009
2016-05-05,66.00200000000008
2016-05-06,61.214000000000034
2016-05-07,64.92200000000004
2016-05-08,68.09000000000003
2016-05-09,70.98800000000006
2016-05-10,75.68600000000006
2016-05-11,79.03399999999999
2016-05-12,81.15800000000002
2016-05-13,76.71200000000006
2016-05-14,73.47200000000004
2016-05-15,73.16600000000001
2016-05-16,76.62200000000004
2016-05-17,80.40200000000007
2016-05-18,83.69600000000005
2016-05-19,79.01600000000002
2016-05-20,68.91800000000009
2016-05-21,62.83399999999999
2016-05-22,69.33200000000002
2016-05-23,68.45
2016-05-24,66.65
2016-05-25,66.95600000000003
2016-05-26,75.59600000000006
2016-05-27,79.98800000000006
2016-05-28,79.89800000000002
2016-05-29,78.47600000000008
2016-05-30,83.984
2016-05-31,87.62000000000006
2016-06-01,84.03800000000004
2016-06-02,89.34800000000003
2016-06-03,93.92000000000007
2016-06-04,90.46400000000003
2016-06-05,87.11600000000001
2016-06-06,82.38200000000002
2016-06-07,84.03800000000004
2016-06-08,80.34800000000003
2016-06-09,79.484
2016-06-10,77.25200000000008
2016-06-11,79.53800000000004
2016-06-12,77.61200000000005
2016-06-13,77.99000000000002
2016-06-14,75.70400000000006
2016-06-15,71.11400000000003
2016-06-16,76.24400000000009
2016-06-17,81.95
2016-06-18,86.54000000000002
2016-06-19,94.78399999999999
2016-06-20,97.97000000000007
2016-06-21,94.15400000000005
2016-06-22,89.74400000000009
2016-06-23,88.89800000000002
2016-06-24,88.05200000000008
2016-06-25,92.3180000000001
2016-06-26,94.51400000000004
2016-06-27,95.61200000000005
2016-06-28,95.14400000000008
2016-06-29,91.07600000000009
2016-06-30,90.33800000000005
2016-07-01,86.792
2016-07-02,85.78399999999999
2016-07-03,84.36200000000005
2016-07-04,83.94800000000004
2016-07-05,82.958
2016-07-06,81.53600000000007
2016-07-07,81.75200000000008
2016-07-08,84.7760000000001
2016-07-09,85.87400000000002
2016-07-10,84.11000000000008
2016-07-11,87.35
2016-07-12,85.37000000000006
2016-07-13,92.03000000000004
2016-07-14,91.83200000000002
2016-07-15,88.89800000000002
2016-07-16,85.98200000000003
2016-07-17,83.76800000000009
2016-07-18,84.36200000000005
2016-07-19,87.18800000000005
2016-07-20,91.292
2016-07-21,91.63399999999999
2016-07-22,96.27800000000006
2016-07-23,96.71000000000008
2016-07-24,92.80400000000006
2016-07-25,92.93000000000004
2016-07-26,98.6180000000001
2016-07-27,97.592
2016-07-28,95.16200000000006
2016-07-29,97.30400000000006
2016-07-30,92.69600000000005
2016-07-31,90.42800000000007
2016-08-01,90.24800000000002
2016-08-02,90.10400000000006
2016-08-03,90.69800000000004
2016-08-04,86.12600000000009
2016-08-05,84.11000000000008
2016-08-06,84.74000000000002
2016-08-07,86.342
2016-08-08,86.09000000000003
2016-08-09,85.26200000000006
2016-08-10,85.82000000000006
2016-08-11,86.88200000000002
2016-08-12,89.31200000000007
2016-08-13,94.19000000000003
2016-08-14,95.27000000000007
2016-08-15,93.16400000000004
2016-08-16,92.80400000000006
2016-08-17,92.60600000000002
2016-08-18,90.12200000000004
2016-08-19,89.38399999999999
2016-08-20,87.9260000000001
2016-08-21,86.91800000000009
2016-08-22,86.108
2016-08-23,87.44000000000003
2016-08-24,88.28600000000007
2016-08-25,84.68600000000006
2016-08-26,82.14800000000002
2016-08-27,83.174
2016-08-28,88.61000000000008
2016-08-29,90.08600000000007
2016-08-30,91.49000000000002
2016-08-31,88.10600000000002
2016-09-01,85.64000000000001
2016-09-02,83.4260000000001
2016-09-03,78.29600000000005
2016-09-04,75.48800000000006
2016-09-05,81.24800000000002
2016-09-06,88.30400000000006
2016-09-07,88.12400000000002
2016-09-08,85.49600000000005
2016-09-09,88.52000000000007
2016-09-10,88.01600000000002
2016-09-11,83.48000000000005
2016-09-12,77.14400000000008
2016-09-13,71.34800000000003
2016-09-14,79.592
2016-09-15,84.23600000000008
2016-09-16,86.39600000000004
2016-09-17,91.13000000000005
2016-09-18,97.30400000000006
2016-09-19,93.65
2016-09-20,86.12600000000009
2016-09-21,80.6
2016-09-22,74.57000000000006
2016-09-23,79.64600000000004
2016-09-24,88.39400000000008
2016-09-25,93.81200000000007
2016-09-26,96.09800000000003
2016-09-27,93.2
2016-09-28,87.33200000000002
2016-09-29,85.94600000000005
2016-09-30,82.36400000000003
2016-10-01,79.484
2016-10-02,74.62400000000002
2016-10-03,71.69000000000003
2016-10-04,75.27200000000005
2016-10-05,75.61400000000003
2016-10-06,81.62600000000009
2016-10-07,86.234
2016-10-08,88.77200000000005
2016-10-09,88.30400000000006
2016-10-10,82.25600000000003
2016-10-11,75.50600000000003
2016-10-12,73.43600000000006
2016-10-13,77.45
2016-10-14,73.76000000000008
2016-10-15,73.70600000000003
2016-10-16,70.71800000000009
2016-10-17,71.15
2016-10-18,75.12800000000007
2016-10-19,81.19400000000007
2016-10-20,85.62200000000004
2016-10-21,85.28000000000004
2016-10-22,78.53000000000004
2016-10-23,75.86600000000001
2016-10-24,71.13200000000002
2016-10-25,74.60600000000002
2016-10-26,77.88200000000002
2016-10-27,72.842
2016-10-28,69.98000000000005
2016-10-29,73.49000000000002
2016-10-30,69.69200000000001
2016-10-31,66.308
2016-11-01,66.2
2016-11-02,73.85
2016-11-03,77.91800000000009
2016-11-04,78.29600000000005
2016-11-05,76.424
2016-11-06,71.54600000000005
2016-11-07,78.18800000000005
2016-11-08,81.91400000000004
2016-11-09,82.11200000000005
2016-11-10,80.9600000000001
2016-11-11,79.25
2016-11-12,75.56000000000009
2016-11-13,78.458
2016-11-14,79.32200000000003
2016-11-15,72.608
2016-11-16,64.4
2016-11-17,64.49000000000002
2016-11-18,69.54800000000003
2016-11-19,68.21600000000001
2016-11-20,62.99600000000005
2016-11-21,61.62800000000007
2016-11-22,63.42800000000007
2016-11-23,64.11200000000005
2016-11-24,67.22600000000008
2016-11-25,66.11000000000008
2016-11-26,57.2
2016-11-27,56.19199999999999
2016-11-28,56.030000000000044
2016-11-29,60.40400000000005
2016-11-30,59.45
2016-12-01,59.342
2016-12-02,56.89400000000008
2016-12-03,63.14000000000002
2016-12-04,65.62400000000002
2016-12-05,59.486000000000075
2016-12-06,56.46200000000006
2016-12-07,54.71600000000001
2016-12-08,60.440000000000026
2016-12-09,62.564000000000036
2016-12-10,63.518000000000086
2016-12-11,61.84400000000008
2016-12-12,58.80200000000008
2016-12-13,61.772000000000034
2016-12-14,65.066
2016-12-15,61.03399999999999
2016-12-16,56.641999999999996
2016-12-17,52.52000000000007
2016-12-18,54.788000000000046
2016-12-19,58.04600000000005
2016-12-20,63.87800000000007
2016-12-21,60.13399999999999
2016-12-22,57.90200000000008
2016-12-23,54.320000000000064
2016-12-24,49.92800000000007
2016-12-25,49.766000000000005
2016-12-26,53.79800000000003
2016-12-27,60.998000000000026
2016-12-28,64.43600000000006
2016-12-29,66.88399999999999
2016-12-30,59.522000000000034
2016-12-31,53.18600000000007
2017-01-01,52.03399999999999
2017-01-02,48.236000000000075
2017-01-03,53.11400000000003
2017-01-04,53.492
2017-01-05,53.67200000000004
2017-01-06,53.96000000000008
2017-01-07,57.12800000000007
2017-01-08,64.11200000000005
2017-01-09,58.02800000000006
2017-01-10,54.194000000000074
2017-01-11,55.32800000000007
2017-01-12,50.07200000000004
2017-01-13,53.564000000000036
2017-01-14,59.504000000000055
2017-01-15,55.148000000000025
2017-01-16,56.75
2017-01-17,57.092
2017-01-18,53.63600000000007
2017-01-19,53.96000000000008
2017-01-20,50.88200000000002
2017-01-21,52.610000000000085
2017-01-22,51.09800000000003
2017-01-23,50.108000000000004
2017-01-24,49.26200000000006
2017-01-25,53.150000000000006
2017-01-26,54.08600000000007
2017-01-27,54.41000000000008
2017-01-28,61.070000000000064
2017-01-29,64.16600000000001
2017-01-30,65.4260000000001
2017-01-31,65.39000000000001
2017-02-01,61.754000000000055
2017-02-02,59.018000000000086
2017-02-03,58.26200000000006
2017-02-04,59.59400000000008
2017-02-05,56.84000000000002
2017-02-06,57.30800000000001
2017-02-07,59.70200000000008
2017-02-08,66.16400000000004
2017-02-09,66.83000000000004
2017-02-10,60.944000000000074
2017-02-11,58.964000000000034
2017-02-12,63.08600000000007
2017-02-13,64.68800000000005
2017-02-14,66.36200000000005
2017-02-15,69.13399999999999
2017-02-16,63.42800000000007
2017-02-17,58.064000000000036
2017-02-18,54.446000000000055
2017-02-19,54.82400000000001
2017-02-20,58.01000000000008
2017-02-21,59.16200000000006
2017-02-22,55.59800000000003
2017-02-23,50.900000000000006
2017-02-24,54.5
2017-02-25,54.446000000000055
2017-02-26,53.708000000000006
2017-02-27,51.17000000000006
2017-02-28,57.16400000000003
2017-03-01,62.51000000000008
2017-03-02,66.84800000000003
2017-03-03,67.74800000000002
2017-03-04,61.91600000000001
2017-03-05,55.562000000000054
2017-03-06,55.88600000000007
2017-03-07,63.158
2017-03-08,70.07000000000006
2017-03-09,73.83200000000002
2017-03-10,70.73600000000008
2017-03-11,73.41800000000009
2017-03-12,75.52400000000002
2017-03-13,77.88200000000002
2017-03-14,78.674
2017-03-15,74.24600000000005
2017-03-16,71.40200000000007
2017-03-17,74.80400000000006
2017-03-18,70.34000000000003
2017-03-19,69.13399999999999
2017-03-20,63.608000000000004
2017-03-21,62.312000000000054
2017-03-22,59.18000000000004
2017-03-23,60.944000000000074
2017-03-24,62.024000000000015
2017-03-25,62.312000000000054
2017-03-26,61.538000000000046
2017-03-27,62.65400000000005
2017-03-28,68.12600000000009
2017-03-29,72.82400000000001
2017-03-30,67.69400000000007
2017-03-31,65.35400000000006
2017-04-01,71.708
2017-04-02,71.40200000000007
2017-04-03,67.19000000000003
2017-04-04,70.98800000000006
2017-04-05,73.85
2017-04-06,69.17000000000007
2017-04-07,64.16600000000001
2017-04-08,60.87200000000004
2017-04-09,64.00400000000005
2017-04-10,69.09800000000003
2017-04-11,67.47800000000007
2017-04-12,66.32600000000009
2017-04-13,63.158
2017-04-14,64.23800000000006
2017-04-15,70.43000000000004
2017-04-16,66.48800000000006
2017-04-17,66.14600000000004
2017-04-18,66.50600000000003
2017-04-19,69.74600000000005
2017-04-20,70.84400000000008
2017-04-21,77.558
2017-04-22,76.11800000000008
2017-04-23,70.97000000000006
2017-04-24,66.83000000000004
2017-04-25,68.81000000000009
2017-04-26,71.72600000000008
2017-04-27,73.292
2017-04-28,71.42000000000007
2017-04-29,75.27200000000005
2017-04-30,78.51200000000006
2017-05-01,81.01400000000004
2017-05-02,82.74199999999999
2017-05-03,85.4600000000001
2017-05-04,82.65200000000007
2017-05-05,76.316
2017-05-06,65.82200000000003
2017-05-07,63.08600000000007
2017-05-08,73.86800000000008
2017-05-09,73.76000000000008
2017-05-10,69.54800000000003
2017-05-11,71.78000000000004
2017-05-12,68.97200000000004
2017-05-13,69.44000000000003
2017-05-14,66.23600000000008
2017-05-15,63.28399999999999
2017-05-16,63.194000000000074
2017-05-17,68.12600000000009
2017-05-18,76.13600000000008
2017-05-19,82.31000000000009
2017-05-20,86.48600000000008
2017-05-21,86.342
2017-05-22,86.63000000000005
2017-05-23,85.47800000000007
2017-05-24,81.80600000000004
2017-05-25,72.55400000000006
2017-05-26,67.76600000000002
2017-05-27,74.96600000000001
2017-05-28,79.358
2017-05-29,75.38000000000005
2017-05-30,75.23600000000008
2017-05-31,73.70600000000003
2017-06-01,77.75600000000003
2017-06-02,84.61400000000003
2017-06-03,81.78800000000004
2017-06-04,80.36600000000001
2017-06-05,82.56200000000007
2017-06-06,79.10600000000002
2017-06-07,76.334
2017-06-08,73.56200000000007
2017-06-09,74.22800000000007
2017-06-10,70.08800000000005
2017-06-11,66.92000000000007
2017-06-12,71.6
2017-06-13,80.43800000000005
2017-06-14,85.74800000000002
2017-06-15,85.35200000000009
2017-06-16,91.59800000000003
2017-06-17,92.22800000000007
2017-06-18,96.60200000000007
2017-06-19,94.76600000000002
2017-06-20,95.0
2017-06-21,93.74000000000002
2017-06-22,91.292
2017-06-23,89.13200000000002
2017-06-24,87.17000000000007
2017-06-25,91.38200000000002
2017-06-26,88.88000000000005
2017-06-27,86.45
2017-06-28,84.12800000000007
2017-06-29,84.05600000000004
2017-06-30,85.316
2017-07-01,81.77000000000007
2017-07-02,83.858
2017-07-03,88.34000000000003
2017-07-04,90.44600000000005
2017-07-05,90.80600000000004
2017-07-06,93.97400000000002
2017-07-07,98.88800000000005
2017-07-08,98.60000000000001
2017-07-09,92.80400000000006
2017-07-10,91.23800000000006
2017-07-11,88.592
2017-07-12,89.06000000000009
2017-07-13,89.51000000000008
2017-07-14,90.01400000000004
2017-07-15,94.26200000000006
2017-07-16,95.14400000000008
2017-07-17,91.41800000000009
2017-07-18,88.86200000000005
2017-07-19,88.934
2017-07-20,87.27800000000008
2017-07-21,88.37600000000009
2017-07-22,94.13600000000008
2017-07-23,92.19200000000001
2017-07-24,87.89000000000001
2017-07-25,87.44000000000003
2017-07-26,89.56400000000004
2017-07-27,92.642
2017-07-28,89.9600000000001
2017-07-29,90.21200000000006
2017-07-30,93.41600000000001
2017-07-31,95.84600000000006
2017-08-01,98.09600000000005
2017-08-02,93.2
2017-08-03,88.55600000000004
2017-08-04,90.96800000000009
2017-08-05,90.14000000000001
2017-08-06,87.78200000000001
2017-08-07,87.29600000000005
2017-08-08,89.49199999999999
2017-08-09,87.9260000000001
2017-08-10,88.75400000000005
2017-08-11,91.22000000000006
2017-08-12,87.9260000000001
2017-08-13,87.674
2017-08-14,82.4
2017-08-15,78.31400000000004
2017-08-16,84.2
2017-08-17,88.88000000000005
2017-08-18,89.24000000000002
2017-08-19,86.81000000000009
2017-08-20,86.05400000000006
2017-08-21,85.35200000000009
2017-08-22,88.01600000000002
2017-08-23,85.62200000000004
2017-08-24,86.32400000000001
2017-08-25,89.29400000000007
2017-08-26,96.242
2017-08-27,99.53600000000007
2017-08-28,100.83200000000002
2017-08-29,96.8
2017-08-30,96.38600000000007
2017-08-31,99.44600000000005
2017-09-01,104.54000000000002
2017-09-02,103.19000000000003
2017-09-03,98.2760000000001
2017-09-04,89.18600000000006
2017-09-05,91.292
2017-09-06,89.6
2017-09-07,86.27000000000007
2017-09-08,85.19000000000003
2017-09-09,87.20600000000003
2017-09-10,93.38000000000005
2017-09-11,92.12000000000006
2017-09-12,88.07000000000006
2017-09-13,83.13800000000005
2017-09-14,77.07200000000003
2017-09-15,79.53800000000004
2017-09-16,81.28399999999999
2017-09-17,81.95
2017-09-18,80.56400000000004
2017-09-19,78.15200000000007
2017-09-20,76.35200000000009
2017-09-21,71.34800000000003
2017-09-22,72.62600000000009
2017-09-23,75.75800000000001
2017-09-24,80.51000000000008
2017-09-25,83.19200000000001
2017-09-26,86.37800000000007
2017-09-27,88.30400000000006
2017-09-28,89.78000000000004
2017-09-29,84.86600000000001
2017-09-30,80.72600000000008
2017-10-01,80.31200000000007
2017-10-02,77.684
2017-10-03,72.77000000000007
2017-10-04,80.834
2017-10-05,83.91200000000006
2017-10-06,88.934
2017-10-07,89.63600000000008
2017-10-08,82.61600000000001
2017-10-09,81.51800000000009
2017-10-10,82.32800000000006
2017-10-11,75.41600000000001
2017-10-12,76.4600000000001
2017-10-13,78.49400000000009
2017-10-14,82.38200000000002
2017-10-15,87.584
2017-10-16,88.91600000000001
2017-10-17,88.46600000000001
2017-10-18,82.77800000000008
2017-10-19,75.56000000000009
2017-10-20,68.41400000000004
2017-10-21,74.39000000000001
2017-10-22,83.15600000000003
2017-10-23,91.61600000000001
2017-10-24,93.32600000000009
2017-10-25,91.97600000000008
2017-10-26,89.56400000000004
2017-10-27,88.17800000000007
2017-10-28,86.558
2017-10-29,78.65600000000003
2017-10-30,69.85400000000006
2017-10-31,68.72000000000006
2017-11-01,69.78200000000001
2017-11-02,64.70600000000003
2017-11-03,65.12000000000006
2017-11-04,67.06400000000004
2017-11-05,64.22000000000006
2017-11-06,67.208
2017-11-07,69.566
2017-11-08,69.29600000000005
2017-11-09,68.81000000000009
2017-11-10,67.26200000000006
2017-11-11,70.358
2017-11-12,66.07400000000001
2017-11-13,71.47400000000002
2017-11-14,71.58200000000002
2017-11-15,74.82200000000003
2017-11-16,67.37000000000006
2017-11-17,66.14600000000004
2017-11-18,69.18800000000005
2017-11-19,68.86400000000003
2017-11-20,70.88000000000005
2017-11-21,78.584
2017-11-22,82.88600000000008
2017-11-23,79.71800000000009
2017-11-24,79.50200000000008
2017-11-25,79.52000000000007
2017-11-26,72.12200000000004
2017-11-27,63.391999999999996
2017-11-28,66.65
2017-11-29,67.35200000000009
2017-11-30,67.38800000000005
2017-12-01,69.38600000000008
2017-12-02,67.28000000000004
2017-12-03,63.30200000000008
2017-12-04,62.58200000000002
2017-12-05,62.366000000000014
2017-12-06,67.11800000000008
2017-12-07,68.28800000000004
2017-12-08,70.19600000000005
2017-12-09,71.74400000000009
2017-12-10,71.87000000000006
2017-12-11,72.03200000000001
2017-12-12,71.58200000000002
2017-12-13,71.34800000000003
2017-12-14,71.63600000000008
2017-12-15,68.684
2017-12-16,62.65400000000005
2017-12-17,62.99600000000005
2017-12-18,65.28200000000001
2017-12-19,63.53600000000007
2017-12-20,55.67000000000006
2017-12-21,54.842
2017-12-22,58.946000000000055
2017-12-23,62.312000000000054
2017-12-24,65.13800000000005
2017-12-25,64.02200000000005
2017-12-26,65.71400000000003
2017-12-27,69.17000000000007
2017-12-28,71.00600000000003
2017-12-29,72.86000000000008
2017-12-30,69.06200000000007
2017-12-31,64.34600000000006
2018-01-01,68.84600000000006
2018-01-02,70.28600000000007
2018-01-03,64.50800000000001
2018-01-04,69.53000000000004
2018-01-05,67.316
2018-01-06,64.184
2018-01-07,66.14600000000004
2018-01-08,63.64400000000008
2018-01-09,57.110000000000085
2018-01-10,58.694000000000074
2018-01-11,65.80400000000006
2018-01-12,68.61200000000005
2018-01-13,70.95200000000008
2018-01-14,68.43200000000002
2018-01-15,65.642
2018-01-16,66.38000000000005
2018-01-17,69.62000000000006
2018-01-18,67.55000000000001
2018-01-19,59.846000000000046
2018-01-20,54.91400000000003
2018-01-21,56.354000000000056
2018-01-22,60.854000000000056
2018-01-23,64.45400000000006
2018-01-24,64.38200000000002
2018-01-25,55.77800000000006
2018-01-26,58.58600000000007
2018-01-27,64.13000000000005
2018-01-28,70.89800000000002
2018-01-29,72.48200000000003
2018-01-30,71.54600000000005
2018-01-31,72.24800000000002
2018-02-01,73.4
2018-02-02,74.62400000000002
2018-02-03,75.41600000000001
2018-02-04,75.308
2018-02-05,74.19200000000001
2018-02-06,72.30200000000008
2018-02-07,74.67800000000007
2018-02-08,76.80200000000008
2018-02-09,75.16400000000004
2018-02-10,66.59600000000006
2018-02-11,63.89600000000005
2018-02-12,56.498000000000026
2018-02-13,61.44800000000002
2018-02-14,61.682000000000016
2018-02-15,64.31000000000009
2018-02-16,66.63200000000002
2018-02-17,70.01600000000002
2018-02-18,63.37400000000001
2018-02-19,53.34800000000003
2018-02-20,53.54600000000005
2018-02-21,54.391999999999996
2018-02-22,53.18600000000007
2018-02-23,51.908
2018-02-24,56.89400000000008
2018-02-25,61.88000000000004
2018-02-26,57.056000000000026
2018-02-27,50.66600000000001
2018-02-28,56.04800000000003
2018-03-01,56.37200000000004
2018-03-02,53.06000000000009
2018-03-03,51.13399999999999
2018-03-04,56.858000000000004
2018-03-05,63.57200000000004
2018-03-06,69.63800000000005
2018-03-07,69.31400000000004
2018-03-08,69.0260000000001
2018-03-09,67.37000000000006
2018-03-10,61.86200000000006
2018-03-11,67.73000000000005
2018-03-12,73.02200000000005
2018-03-13,67.28000000000004
2018-03-14,60.728000000000065
2018-03-15,58.22600000000009
2018-03-16,54.91400000000003
2018-03-17,54.66200000000006
2018-03-18,58.80200000000008
2018-03-19,66.56000000000009
2018-03-20,61.52000000000007
2018-03-21,64.70600000000003
2018-03-22,63.194000000000074
2018-03-23,61.898000000000025
2018-03-24,57.938000000000045
2018-03-25,57.75800000000001
2018-03-26,62.87000000000006
2018-03-27,69.00800000000001
2018-03-28,74.13800000000005
2018-03-29,76.96400000000003
2018-03-30,78.74600000000005
2018-03-31,75.63200000000002
2018-04-01,69.83600000000007
2018-04-02,68.70200000000008
2018-04-03,72.48200000000003
2018-04-04,70.52000000000007
2018-04-05,68.91800000000009
2018-04-06,68.66600000000001
2018-04-07,69.08000000000004
2018-04-08,72.14000000000001
2018-04-09,82.20200000000008
2018-04-10,78.99800000000002
2018-04-11,71.49199999999999
2018-04-12,62.06000000000009
2018-04-13,71.24000000000002
2018-04-14,76.64000000000001
2018-04-15,72.1760000000001
2018-04-16,62.65400000000005
2018-04-17,64.88600000000008
2018-04-18,64.4
2018-04-19,62.34800000000003
2018-04-20,73.5260000000001
2018-04-21,79.32200000000003
2018-04-22,80.54600000000005
2018-04-23,80.24000000000002
2018-04-24,76.60400000000006
2018-04-25,76.01000000000008
2018-04-26,71.61800000000008
2018-04-27,69.29600000000005
2018-04-28,68.19800000000004
2018-04-29,65.24600000000005
2018-04-30,64.13000000000005
2018-05-01,62.780000000000044
2018-05-02,68.21600000000001
2018-05-03,73.85
2018-05-04,82.76000000000008
2018-05-05,80.24000000000002
2018-05-06,77.19800000000004
2018-05-07,80.00600000000003
2018-05-08,78.87200000000004
2018-05-09,80.51000000000008
2018-05-10,76.53200000000001
2018-05-11,71.54600000000005
2018-05-12,70.91600000000001
2018-05-13,70.66400000000004
2018-05-14,71.72600000000008
2018-05-15,72.28399999999999
2018-05-16,70.71800000000009
2018-05-17,71.94200000000001
2018-05-18,74.39000000000001
2018-05-19,73.79600000000005
2018-05-20,70.37600000000009
2018-05-21,69.04400000000007
2018-05-22,71.87000000000006
2018-05-23,72.1760000000001
2018-05-24,72.23000000000005
2018-05-25,67.4600000000001
2018-05-26,70.57400000000001
2018-05-27,79.01600000000002
2018-05-28,85.71200000000006
2018-05-29,84.63200000000002
2018-05-30,78.27800000000008
2018-05-31,69.674
2018-06-01,81.0680000000001
2018-06-02,89.34800000000003
2018-06-03,90.48200000000003
2018-06-04,86.25200000000008
2018-06-05,78.85400000000006
2018-06-06,75.21800000000009
2018-06-07,77.43200000000002
2018-06-08,85.11800000000008
2018-06-09,81.08600000000007
2018-06-10,82.16600000000001
2018-06-11,87.99800000000002
2018-06-12,89.97800000000007
2018-06-13,88.64600000000004
2018-06-14,85.22600000000008
2018-06-15,81.15800000000002
2018-06-16,76.06400000000004
2018-06-17,71.45600000000003
2018-06-18,79.46600000000001
2018-06-19,85.892
2018-06-20,86.41400000000004
2018-06-21,86.19800000000004
2018-06-22,93.092
2018-06-23,88.98800000000006
2018-06-24,85.80200000000008
2018-06-25,84.11000000000008
2018-06-26,85.37000000000006
2018-06-27,83.24600000000005
2018-06-28,81.87800000000007
2018-06-29,85.1
2018-06-30,91.184
2018-07-01,88.25
2018-07-02,86.03600000000007
2018-07-03,82.76000000000008
2018-07-04,83.57000000000006
2018-07-05,92.60600000000002
2018-07-06,100.07600000000009
2018-07-07,96.8
2018-07-08,95.66600000000001
2018-07-09,94.64000000000001
2018-07-10,92.174
2018-07-11,91.49000000000002
2018-07-12,89.06000000000009
2018-07-13,91.34600000000006
2018-07-14,91.97600000000008
2018-07-15,90.51800000000009
2018-07-16,90.28399999999999
2018-07-17,91.88600000000008
2018-07-18,91.43600000000006
2018-07-19,92.89400000000008
2018-07-20,90.1760000000001
2018-07-21,88.73600000000008
2018-07-22,90.5
2018-07-23,95.82800000000006
2018-07-24,96.62000000000006
2018-07-25,96.33200000000002
2018-07-26,94.35200000000009
2018-07-27,92.24600000000005
2018-07-28,92.13800000000005
2018-07-29,90.608
2018-07-30,93.02000000000007
2018-07-31,93.75800000000001
2018-08-01,93.48800000000006
2018-08-02,89.63600000000008
2018-08-03,94.69400000000007
2018-08-04,93.75800000000001
2018-08-05,92.4260000000001
2018-08-06,96.33200000000002
2018-08-07,92.71400000000003
2018-08-08,93.79400000000007
2018-08-09,97.7
2018-08-10,93.83000000000004
2018-08-11,90.89600000000004
2018-08-12,89.79800000000003
2018-08-13,87.85400000000006
2018-08-14,86.108
2018-08-15,86.558
2018-08-16,89.24000000000002
2018-08-17,92.55200000000008
2018-08-18,93.41600000000001
2018-08-19,93.48800000000006
2018-08-20,88.05200000000008
2018-08-21,84.95600000000003
2018-08-22,85.80200000000008
2018-08-23,84.68600000000006
2018-08-24,83.44400000000007
2018-08-25,85.19000000000003
2018-08-26,84.65
2018-08-27,81.42800000000007
2018-08-28,82.43600000000006
2018-08-29,84.72200000000004
2018-08-30,85.13600000000008
2018-08-31,87.76400000000004
2018-09-01,85.6760000000001
2018-09-02,89.06000000000009
2018-09-03,87.17000000000007
2018-09-04,88.39400000000008
2018-09-05,86.234
2018-09-06,87.08000000000004
2018-09-07,92.30000000000001
2018-09-08,93.16400000000004
2018-09-09,92.174
2018-09-10,88.98800000000006
2018-09-11,84.92000000000007
2018-09-12,80.16800000000009
2018-09-13,82.76000000000008
2018-09-14,86.48600000000008
2018-09-15,81.89600000000004
2018-09-16,83.80400000000006
2018-09-17,83.78600000000007
2018-09-18,82.83200000000002
2018-09-19,85.94600000000005
2018-09-20,88.25
2018-09-21,88.25
2018-09-22,89.00600000000003
2018-09-23,84.05600000000004
2018-09-24,84.48800000000006
2018-09-25,87.44000000000003
2018-09-26,91.958
2018-09-27,90.46400000000003
2018-09-28,83.66000000000008
2018-09-29,76.76600000000002
2018-09-30,80.42000000000007
2018-10-01,83.26400000000004
2018-10-02,80.9600000000001
2018-10-03,76.04600000000005
2018-10-04,72.66200000000006
2018-10-05,78.38600000000008
2018-10-06,75.63200000000002
2018-10-07,77.03600000000007
2018-10-08,78.566
2018-10-09,77.93600000000006
2018-10-10,73.61600000000001
2018-10-11,73.50800000000001
2018-10-12,80.63600000000008
2018-10-13,76.02800000000008
2018-10-14,77.88200000000002
2018-10-15,76.15400000000005
2018-10-16,79.142
2018-10-17,79.28600000000007
2018-10-18,81.26600000000002
2018-10-19,84.092
2018-10-20,83.80400000000006
2018-10-21,79.52000000000007
2018-10-22,77.03600000000007
2018-10-23,75.16400000000004
2018-10-24,79.19600000000005
2018-10-25,81.57200000000003
2018-10-26,85.26200000000006
2018-10-27,84.47000000000006
2018-10-28,79.484
2018-10-29,73.68800000000005
2018-10-30,75.21800000000009
2018-10-31,77.25200000000008
2018-11-01,81.82400000000001
2018-11-02,83.67800000000007
2018-11-03,83.78600000000007
2018-11-04,81.57200000000003
2018-11-05,77.792
2018-11-06,76.80200000000008
2018-11-07,75.07400000000001
2018-11-08,73.958
2018-11-09,72.51800000000009
2018-11-10,71.25800000000001
2018-11-11,71.924
2018-11-12,71.52800000000008
2018-11-13,68.108
2018-11-14,72.392
2018-11-15,72.734
2018-11-16,71.25800000000001
2018-11-17,69.15200000000007
2018-11-18,70.98800000000006
2018-11-19,67.4600000000001
2018-11-20,70.358
2018-11-21,66.36200000000005
2018-11-22,63.608000000000004
2018-11-23,63.82400000000001
2018-11-24,66.72200000000004
2018-11-25,68.54000000000002
2018-11-26,70.142
2018-11-27,67.06400000000004
2018-11-28,63.05
2018-11-29,57.182000000000016
2018-11-30,59.846000000000046
2018-12-01,57.97400000000002
2018-12-02,56.84000000000002
2018-12-03,59.432000000000016
2018-12-04,61.91600000000001
2018-12-05,56.58800000000005
2018-12-06,55.940000000000026
2018-12-07,62.6
2018-12-08,63.89600000000005
2018-12-09,59.846000000000046
2018-12-10,59.900000000000006
2018-12-11,62.88800000000005
2018-12-12,63.06800000000008
2018-12-13,65.76800000000009
2018-12-14,60.58399999999999
2018-12-15,66.65
2018-12-16,65.28200000000001
2018-12-17,60.314000000000036
2018-12-18,63.95
2018-12-19,68.16200000000006
2018-12-20,64.292
2018-12-21,62.87000000000006
2018-12-22,63.518000000000086
2018-12-23,62.96000000000008
2018-12-24,63.03200000000002
2018-12-25,58.04600000000005
2018-12-26,59.342
2018-12-27,57.110000000000085
2018-12-28,53.52800000000006
2018-12-29,57.38000000000004
2018-12-30,59.03600000000007
2018-12-31,54.464000000000034
2019-01-01,51.74600000000005
2019-01-02,56.39000000000002
2019-01-03,58.406000000000034
2019-01-04,61.070000000000064
2019-01-05,53.438000000000045
2019-01-06,53.38399999999999
2019-01-07,57.30800000000001
2019-01-08,61.934
2019-01-09,61.16000000000008
2019-01-10,62.45600000000003
2019-01-11,60.854000000000056
2019-01-12,57.398000000000025
2019-01-13,58.98200000000001
2019-01-14,52.66400000000003
2019-01-15,54.248000000000026
2019-01-16,58.946000000000055
2019-01-17,57.63200000000002
2019-01-18,62.096000000000046
2019-01-19,68.64800000000002
2019-01-20,63.158
2019-01-21,55.63399999999999
2019-01-22,57.938000000000045
2019-01-23,62.38399999999999
2019-01-24,65.24600000000005
2019-01-25,66.63200000000002
2019-01-26,66.70400000000006
2019-01-27,68.14400000000008
2019-01-28,67.208
2019-01-29,65.39000000000001
2019-01-30,65.46200000000006
2019-01-31,59.522000000000034
2019-02-01,57.63200000000002
2019-02-02,57.092
2019-02-03,53.276000000000096
2019-02-04,50.55800000000001
2019-02-05,47.641999999999996
2019-02-06,50.504000000000055
2019-02-07,52.95200000000008
2019-02-08,53.65400000000005
2019-02-09,51.69199999999999
2019-02-10,48.50600000000003
2019-02-11,53.96000000000008
2019-02-12,58.29800000000003
2019-02-13,52.934
2019-02-14,56.28200000000002
2019-02-15,50.81000000000009
2019-02-16,51.908
2019-02-17,48.68600000000007
2019-02-18,50.91800000000009
2019-02-19,52.610000000000085
2019-02-20,50.21600000000001
2019-02-21,48.95600000000003
2019-02-22,53.20400000000005
2019-02-23,55.526000000000096
2019-02-24,59.57600000000009
2019-02-25,59.21600000000001
2019-02-26,57.938000000000045
2019-02-27,58.91000000000008
2019-02-28,59.21600000000001
2019-03-01,59.19800000000002
2019-03-02,58.352000000000075
2019-03-03,57.542
2019-03-04,59.61200000000006
2019-03-05,59.63000000000004
2019-03-06,57.74000000000002
2019-03-07,55.148000000000025
2019-03-08,53.096000000000046
2019-03-09,52.772000000000034
2019-03-10,53.24000000000002
2019-03-11,58.964000000000034
2019-03-12,61.08800000000005
2019-03-13,59.16200000000006
2019-03-14,61.34000000000002
2019-03-15,65.066
2019-03-16,69.42200000000004
2019-03-17,72.53600000000007
2019-03-18,71.79800000000003
2019-03-19,67.85600000000002
2019-03-20,62.52800000000006
2019-03-21,57.00200000000008
2019-03-22,60.13399999999999
2019-03-23,60.36800000000009
2019-03-24,64.56200000000007
2019-03-25,66.88399999999999
2019-03-26,65.55200000000008
2019-03-27,63.266000000000005
2019-03-28,61.64600000000005
2019-03-29,64.70600000000003
2019-03-30,69.31400000000004
2019-03-31,73.43600000000006
2019-04-01,69.65600000000003
2019-04-02,66.27200000000005
2019-04-03,62.52800000000006
2019-04-04,61.86200000000006
2019-04-05,61.08800000000005
2019-04-06,65.58800000000005
2019-04-07,74.44400000000007
2019-04-08,74.78600000000007
2019-04-09,70.55600000000004
2019-04-10,67.35200000000009
2019-04-11,64.86800000000008
2019-04-12,67.892
2019-04-13,72.26600000000002
2019-04-14,67.424
2019-04-15,63.391999999999996
2019-04-16,62.22200000000004
2019-04-17,72.98600000000008
2019-04-18,79.484
2019-04-19,76.35200000000009
2019-04-20,69.76400000000004
2019-04-21,67.51400000000004
2019-04-22,74.60600000000002
2019-04-23,80.67200000000004
2019-04-24,81.19400000000007
2019-04-25,78.8180000000001
2019-04-26,77.52200000000005
2019-04-27,73.292
2019-04-28,71.09600000000006
2019-04-29,67.334
2019-04-30,63.96800000000009
2019-05-01,71.11400000000003
2019-05-02,71.99600000000005
2019-05-03,74.4260000000001
2019-05-04,72.08600000000007
2019-05-05,67.80200000000008
2019-05-06,65.55200000000008
2019-05-07,66.48800000000006
2019-05-08,72.19400000000007
2019-05-09,68.54000000000002
2019-05-10,71.18600000000006
2019-05-11,72.30200000000008
2019-05-12,75.7760000000001
2019-05-13,73.77800000000008
2019-05-14,71.51000000000008
2019-05-15,68.93600000000006
2019-05-16,62.52800000000006
2019-05-17,65.82200000000003
2019-05-18,64.94000000000003
2019-05-19,59.95400000000005
2019-05-20,64.92200000000004
2019-05-21,62.20400000000005
2019-05-22,64.49000000000002
2019-05-23,65.2100000000001
2019-05-24,71.56400000000004
2019-05-25,68.72000000000006
2019-05-26,64.90400000000005
2019-05-27,64.04000000000002
2019-05-28,72.392
2019-05-29,75.75800000000001
2019-05-30,74.82200000000003
2019-05-31,75.95600000000003
2019-06-01,76.69400000000007
2019-06-02,75.57800000000006
2019-06-03,79.53800000000004
2019-06-04,84.93800000000005
2019-06-05,83.24600000000005
2019-06-06,77.91800000000009
2019-06-07,75.542
2019-06-08,81.42800000000007
2019-06-09,89.56400000000004
2019-06-10,93.27200000000005
2019-06-11,94.87400000000002
2019-06-12,90.05000000000001
2019-06-13,84.56000000000009
2019-06-14,79.52000000000007
2019-06-15,79.12400000000002
2019-06-16,77.39600000000004
2019-06-17,81.91400000000004
2019-06-18,86.05400000000006
2019-06-19,83.94800000000004
2019-06-20,79.37600000000009
2019-06-21,76.62200000000004
2019-06-22,84.90200000000007
2019-06-23,87.33200000000002
2019-06-24,83.55200000000008
2019-06-25,77.14400000000008
2019-06-26,77.01800000000009
2019-06-27,78.62000000000006
2019-06-28,78.80000000000001
2019-06-29,81.1760000000001
2019-06-30,83.84000000000003
2019-07-01,84.02000000000007
2019-07-02,81.46400000000003
2019-07-03,80.94200000000001
2019-07-04,82.63399999999999
2019-07-05,83.57000000000006
2019-07-06,83.84000000000003
2019-07-07,79.62800000000007
2019-07-08,76.96400000000003
2019-07-09,81.77000000000007
2019-07-10,85.92800000000007
2019-07-11,88.71800000000009
2019-07-12,90.30200000000008
2019-07-13,89.834
2019-07-14,89.47400000000002
2019-07-15,90.44600000000005
2019-07-16,88.10600000000002
2019-07-17,86.558
2019-07-18,84.542
2019-07-19,81.91400000000004
2019-07-20,82.79600000000005
2019-07-21,88.17800000000007
2019-07-22,90.10400000000006
2019-07-23,90.93200000000002
2019-07-24,95.99000000000002
2019-07-25,94.06400000000004
2019-07-26,92.93000000000004
2019-07-27,96.8
2019-07-28,95.48600000000008
2019-07-29,90.0680000000001
2019-07-30,86.84600000000006
2019-07-31,87.54800000000003
2019-08-01,87.60200000000009
2019-08-02,90.41000000000008
2019-08-03,92.04800000000003
2019-08-04,91.90400000000005
2019-08-05,90.30200000000008
2019-08-06,92.2100000000001
2019-08-07,86.84600000000006
2019-08-08,83.55200000000008
2019-08-09,84.66800000000009
2019-08-10,83.62400000000002
2019-08-11,86.97200000000004
2019-08-12,90.77000000000007
2019-08-13,93.50600000000003
2019-08-14,97.98800000000004
2019-08-15,98.25800000000001
2019-08-16,94.40600000000003
2019-08-17,88.89800000000002
2019-08-18,84.34400000000008
2019-08-19,84.47000000000006
2019-08-20,87.674
2019-08-21,92.87600000000009
2019-08-22,91.04000000000002
2019-08-23,89.18600000000006
2019-08-24,91.58000000000004
2019-08-25,93.93800000000005
2019-08-26,95.12600000000009
2019-08-27,94.11800000000008
2019-08-28,88.88000000000005
2019-08-29,88.98800000000006
2019-08-30,91.31000000000009
2019-08-31,94.96400000000003
2019-09-01,94.85600000000002
2019-09-02,93.03800000000004
2019-09-03,92.12000000000006
2019-09-04,94.53200000000001
2019-09-05,90.62600000000009
2019-09-06,90.28399999999999
2019-09-07,86.19800000000004
2019-09-08,83.174
2019-09-09,82.43600000000006
2019-09-10,78.36800000000008
2019-09-11,85.78399999999999
2019-09-12,93.2
2019-09-13,96.4760000000001
2019-09-14,94.96400000000003
2019-09-15,89.63600000000008
2019-09-16,79.358
2019-09-17,82.07600000000009
2019-09-18,80.24000000000002
2019-09-19,78.09800000000003
2019-09-20,83.33600000000007
2019-09-21,87.566
2019-09-22,84.90200000000007
2019-09-23,84.75800000000001
2019-09-24,94.35200000000009
2019-09-25,93.11000000000008
2019-09-26,87.40400000000005
2019-09-27,77.32400000000001
2019-09-28,71.58200000000002
2019-09-29,70.75400000000005
2019-09-30,70.43000000000004
2019-10-01,72.78800000000004
2019-10-02,79.41200000000006
2019-10-03,77.05400000000006
2019-10-04,78.9260000000001
2019-10-05,83.24600000000005
2019-10-06,87.53000000000004
2019-10-07,88.17800000000007
2019-10-08,83.984
2019-10-09,78.40400000000005
2019-10-10,77.72000000000006
2019-10-11,80.90600000000003
2019-10-12,82.00400000000005
2019-10-13,77.63000000000005
2019-10-14,77.43200000000002
2019-10-15,82.34600000000006
2019-10-16,78.31400000000004
2019-10-17,72.89600000000004
2019-10-18,75.03800000000004
2019-10-19,76.69400000000007
2019-10-20,80.34800000000003
2019-10-21,85.22600000000008
2019-10-22,88.30400000000006
2019-10-23,86.81000000000009
2019-10-24,88.23200000000003
2019-10-25,88.68200000000002
2019-10-26,84.74000000000002
2019-10-27,76.87400000000002
2019-10-28,71.78000000000004
2019-10-29,69.98000000000005
2019-10-30,68.59400000000008
2019-10-31,73.47200000000004
2019-11-01,77.342
2019-11-02,79.34000000000003
2019-11-03,79.37600000000009
2019-11-04,80.51000000000008
2019-11-05,80.49199999999999
2019-11-06,77.57600000000009
2019-11-07,79.23200000000003
2019-11-08,81.86000000000008
2019-11-09,81.01400000000004
2019-11-10,78.08000000000004
2019-11-11,80.13200000000002
2019-11-12,80.07800000000006
2019-11-13,73.81400000000004
2019-11-14,70.52000000000007
2019-11-15,67.82000000000006
2019-11-16,77.77400000000002
2019-11-17,81.10400000000006
2019-11-18,82.47200000000004
2019-11-19,72.69800000000004
2019-11-20,61.934
2019-11-21,62.11400000000003
2019-11-22,65.96600000000001
2019-11-23,69.44000000000003
2019-11-24,70.82600000000009
2019-11-25,64.04000000000002
2019-11-26,57.47000000000006
2019-11-27,50.774000000000015
2019-11-28,46.72400000000001
2019-11-29,49.13600000000007
2019-11-30,48.75800000000001
2019-12-01,55.77800000000006
2019-12-02,61.66400000000003
2019-12-03,61.016000000000005
2019-12-04,57.48800000000004
2019-12-05,60.54800000000003
2019-12-06,63.518000000000086
2019-12-07,60.242
2019-12-08,57.61400000000003
2019-12-09,62.38399999999999
2019-12-10,60.27800000000006
2019-12-11,61.44800000000002
2019-12-12,66.97400000000002
2019-12-13,66.48800000000006
2019-12-14,59.900000000000006
2019-12-15,56.030000000000044
2019-12-16,58.280000000000044
2019-12-17,56.42600000000009
2019-12-18,56.96600000000001
2019-12-19,60.62000000000006
2019-12-20,65.91200000000006
2019-12-21,63.194000000000074
2019-12-22,58.73000000000005
2019-12-23,53.492
2019-12-24,53.25800000000001
2019-12-25,50.91800000000009
2019-12-26,49.67600000000009
2019-12-27,54.12200000000004
2019-12-28,55.50800000000001
2019-12-29,53.13200000000002
2019-12-30,54.733999999999995
2019-12-31,61.25
